generation,best_penalty,current_best_penalty,avg_penalty,best_fitness
0,110,110,227.3,0.009009009009009009
1,90,90,182.1,0.01098901098901099
2,70,70,151.16666666666666,0.014084507042253521
3,65,65,130.33333333333334,0.015151515151515152
4,45,45,107.9,0.021739130434782608
5,35,35,91.9,0.027777777777777776
6,35,35,78.03333333333333,0.027777777777777776
7,15,15,68.8,0.0625
8,15,15,60.7,0.0625
9,0,0,46.5,1.0
